20A.EU1	nuc	8782	C
20A.EU1	nuc	14408	T
20A.EU1	nuc	23403	G
20A.EU1	nuc	22227	T

20A.EU2	nuc	8782	C
20A.EU2	nuc	14408	T
20A.EU2	nuc	23403	G
20A.EU2	nuc	18877	T
20A.EU2	nuc	22992	A

20B/22992A	nuc	8782	C
20B/22992A	nuc	14408	T
20B/22992A	nuc	23403	G
20B/22992A	nuc	28881	A
20B/22992A	nuc	28882	A
20B/22992A	nuc	22992	A
20B/22992A	nuc	16647	T

20B/15867G	nuc	8782	C
20B/15867G	nuc	14408	T
20B/15867G	nuc	23403	G
20B/15867G	nuc	28881	A
20B/15867G	nuc	28882	A
20B/15867G	nuc	13536	T
20B/15867G	nuc	15867	G

20A/S.S98F	nuc	8782	C
20A/S.S98F	nuc	14408	T
20A/S.S98F	nuc	23403	G
20A/S.S98F	nuc	21855	T
20A/S.S98F	nuc	25505	G
20A/S.S98F	nuc	25996	T

20C/S.D80Y	nuc	8782	C
20C/S.D80Y	nuc	14408	T
20C/S.D80Y	nuc	23403	G
20C/S.D80Y	nuc	3099	T
20C/S.D80Y	nuc	21800	T
20C/S.D80Y	nuc	27632	T

20A/S.N439K	nuc	8782	C
20A/S.N439K	nuc	14408	T
20A/S.N439K	nuc	23403	G
20A/S.N439K	nuc	7767	C
20A/S.N439K	nuc	8047	T
20A/S.N439K	nuc	22879	A